{
  "code": "success",
  "message": null,
  "json": {
    "rows": 193,
    "datas": [
      {
        "id": 196,
        "mainTitle": "新文章1标题",
        "subTitle": null,
        "level": null,
        "description": null,
        "targetPopulation": null,
        "suggestion": null,
        "knowledgePoint": null,
        "orientationId": null,
        "stageId": null,
        "createTime": 1474518163000,
        "updateTime": null,
        "timeLenSec": null,
        "objectiveId": null,
        "isRecommendable": null,
        "isCustomizable": null,
        "teacherUserId": null,
        "teacherUserName": null,
        "teacherIntroduction": null,
        "showOrder": null,
        "finishedUserSum": null,
        "videoNum": 0,
        "imageUrl": null,
        "teacherAvatar": null,
        "scope": null,
        "creatorId": null,
        "creatorName": null,
        "valid": null,
        "timeLenMin": null,
        "type": 2,
        "free": null,
        "courseTypeId": 1,
        "courseTypeName": "创新创业",
        "articleId": 1493,
        "micro": true,
        "viewCount": 0,
        "commentCount": 0,
        "orders": 4
      },
      {
        "id": 4,
        "mainTitle": "主标题",
        "subTitle": "副标题",
        "level": 1,
        "description": "课程描述",
        "targetPopulation": "适合人群",
        "suggestion": "学习建议",
        "knowledgePoint": "相关知识点",
        "orientationId": 1,
        "stageId": 1,
        "createTime": 1458814783000,
        "updateTime": 1461045594000,
        "timeLenSec": 234,
        "objectiveId": 1,
        "isRecommendable": 0,
        "isCustomizable": 1,
        "teacherUserId": 1022,
        "teacherUserName": "教师姓名",
        "teacherIntroduction": "讲师简介",
        "showOrder": 0,
        "finishedUserSum": 0,
        "videoNum": 0,
        "imageUrl": "30481c577e394d159c4c954f6c26e515.jpg",
        "teacherAvatar": "30481c577e394d159c4c954f6c26e515.jpg",
        "scope": "课程范围",
        "creatorId": 0,
        "creatorName": "",
        "valid": 0,
        "timeLenMin": null,
        "type": null,
        "free": null,
        "courseTypeId": null,
        "courseTypeName": null,
        "articleId": null,
        "micro": null,
        "viewCount": 0,
        "commentCount": 0,
        "orders": null
      },
      {
        "id": 5,
        "mainTitle": "主标题",
        "subTitle": "副标题",
        "level": 1,
        "description": "课程描述",
        "targetPopulation": "适合人群",
        "suggestion": "学习建议",
        "knowledgePoint": "相关知识点",
        "orientationId": 1,
        "stageId": 1,
        "createTime": 1458814803000,
        "updateTime": 1461045596000,
        "timeLenSec": 223,
        "objectiveId": 1,
        "isRecommendable": 1,
        "isCustomizable": 0,
        "teacherUserId": 1022,
        "teacherUserName": "教师姓名",
        "teacherIntroduction": "讲师简介",
        "showOrder": 0,
        "finishedUserSum": 0,
        "videoNum": 0,
        "imageUrl": "30481c577e394d159c4c954f6c26e515.jpg",
        "teacherAvatar": "30481c577e394d159c4c954f6c26e515.jpg",
        "scope": "课程范围",
        "creatorId": 0,
        "creatorName": "",
        "valid": 0,
        "timeLenMin": null,
        "type": null,
        "free": null,
        "courseTypeId": null,
        "courseTypeName": null,
        "articleId": null,
        "micro": null,
        "viewCount": 0,
        "commentCount": 0,
        "orders": null
      },
      {
        "id": 6,
        "mainTitle": "主标题",
        "subTitle": "副标题",
        "level": 1,
        "description": "课程描述",
        "targetPopulation": "适合人群",
        "suggestion": "学习建议",
        "knowledgePoint": "相关知识点",
        "orientationId": 1,
        "stageId": 1,
        "createTime": 1458815871000,
        "updateTime": 1461045597000,
        "timeLenSec": 213,
        "objectiveId": 1,
        "isRecommendable": 1,
        "isCustomizable": 0,
        "teacherUserId": 1022,
        "teacherUserName": "教师姓名",
        "teacherIntroduction": "讲师简介",
        "showOrder": 0,
        "finishedUserSum": 0,
        "videoNum": 0,
        "imageUrl": "30481c577e394d159c4c954f6c26e515.jpg",
        "teacherAvatar": "30481c577e394d159c4c954f6c26e515.jpg",
        "scope": "课程范围",
        "creatorId": 0,
        "creatorName": "",
        "valid": 0,
        "timeLenMin": null,
        "type": null,
        "free": null,
        "courseTypeId": null,
        "courseTypeName": null,
        "articleId": null,
        "micro": null,
        "viewCount": 0,
        "commentCount": 0,
        "orders": null
      },
      {
        "id": 7,
        "mainTitle": "主标题",
        "subTitle": "副标题",
        "level": 1,
        "description": "课程描述",
        "targetPopulation": "适合人群",
        "suggestion": "学习建议",
        "knowledgePoint": "相关知识点",
        "orientationId": 1,
        "stageId": 1,
        "createTime": 1458817582000,
        "updateTime": 1461045599000,
        "timeLenSec": 244,
        "objectiveId": 1,
        "isRecommendable": 1,
        "isCustomizable": 0,
        "teacherUserId": 1022,
        "teacherUserName": "教师姓名",
        "teacherIntroduction": "讲师简介",
        "showOrder": 0,
        "finishedUserSum": 234,
        "videoNum": 0,
        "imageUrl": "30481c577e394d159c4c954f6c26e515.jpg",
        "teacherAvatar": "30481c577e394d159c4c954f6c26e515.jpg",
        "scope": "课程范围",
        "creatorId": 0,
        "creatorName": "",
        "valid": 0,
        "timeLenMin": null,
        "type": null,
        "free": null,
        "courseTypeId": null,
        "courseTypeName": null,
        "articleId": null,
        "micro": null,
        "viewCount": 0,
        "commentCount": 0,
        "orders": null
      },
      {
        "id": 8,
        "mainTitle": "主标题",
        "subTitle": "副标题",
        "level": 1,
        "description": "课程描述",
        "targetPopulation": "适合人群",
        "suggestion": "学习建议",
        "knowledgePoint": "相关知识点",
        "orientationId": 1,
        "stageId": 1,
        "createTime": 1458872479000,
        "updateTime": 1461045601000,
        "timeLenSec": 167,
        "objectiveId": 1,
        "isRecommendable": 1,
        "isCustomizable": 0,
        "teacherUserId": 1022,
        "teacherUserName": "教师姓名",
        "teacherIntroduction": "讲师简介",
        "showOrder": 0,
        "finishedUserSum": 0,
        "videoNum": 0,
        "imageUrl": "30481c577e394d159c4c954f6c26e515.jpg",
        "teacherAvatar": "30481c577e394d159c4c954f6c26e515.jpg",
        "scope": "课程范围",
        "creatorId": 0,
        "creatorName": "",
        "valid": 0,
        "timeLenMin": null,
        "type": null,
        "free": null,
        "courseTypeId": null,
        "courseTypeName": null,
        "articleId": null,
        "micro": null,
        "viewCount": 0,
        "commentCount": 0,
        "orders": null
      },
      {
        "id": 9,
        "mainTitle": "主标题",
        "subTitle": "副标题",
        "level": 1,
        "description": "课程描述",
        "targetPopulation": "适合人群",
        "suggestion": "学习建议",
        "knowledgePoint": "相关知识点",
        "orientationId": 1,
        "stageId": 1,
        "createTime": 1458882988000,
        "updateTime": 1461045603000,
        "timeLenSec": 453,
        "objectiveId": 1,
        "isRecommendable": 1,
        "isCustomizable": 0,
        "teacherUserId": 1022,
        "teacherUserName": "教师姓名",
        "teacherIntroduction": "讲师简介",
        "showOrder": 0,
        "finishedUserSum": 0,
        "videoNum": 0,
        "imageUrl": "30481c577e394d159c4c954f6c26e515.jpg",
        "teacherAvatar": "30481c577e394d159c4c954f6c26e515.jpg",
        "scope": "课程范围",
        "creatorId": 0,
        "creatorName": "",
        "valid": 0,
        "timeLenMin": null,
        "type": null,
        "free": null,
        "courseTypeId": null,
        "courseTypeName": null,
        "articleId": null,
        "micro": null,
        "viewCount": 0,
        "commentCount": 0,
        "orders": null
      },
      {
        "id": 10,
        "mainTitle": "主标题",
        "subTitle": "副标题",
        "level": 1,
        "description": "课程描述",
        "targetPopulation": "适合人群",
        "suggestion": "学习建议",
        "knowledgePoint": "相关知识点",
        "orientationId": 1,
        "stageId": 1,
        "createTime": 1458883079000,
        "updateTime": 1461045604000,
        "timeLenSec": 345,
        "objectiveId": 1,
        "isRecommendable": 1,
        "isCustomizable": 0,
        "teacherUserId": 1022,
        "teacherUserName": "教师姓名",
        "teacherIntroduction": "讲师简介",
        "showOrder": 0,
        "finishedUserSum": 0,
        "videoNum": 0,
        "imageUrl": "30481c577e394d159c4c954f6c26e515.jpg",
        "teacherAvatar": "30481c577e394d159c4c954f6c26e515.jpg",
        "scope": "课程范围",
        "creatorId": 0,
        "creatorName": "",
        "valid": 0,
        "timeLenMin": null,
        "type": null,
        "free": null,
        "courseTypeId": null,
        "courseTypeName": null,
        "articleId": null,
        "micro": null,
        "viewCount": 0,
        "commentCount": 0,
        "orders": null
      },
      {
        "id": 11,
        "mainTitle": "主标题",
        "subTitle": "副标题",
        "level": 1,
        "description": "课程描述",
        "targetPopulation": "适合人群",
        "suggestion": "学习建议",
        "knowledgePoint": "相关知识点",
        "orientationId": 1,
        "stageId": 1,
        "createTime": 1458883133000,
        "updateTime": 1461045606000,
        "timeLenSec": 451,
        "objectiveId": 1,
        "isRecommendable": 1,
        "isCustomizable": 0,
        "teacherUserId": 1022,
        "teacherUserName": "教师姓名",
        "teacherIntroduction": "讲师简介",
        "showOrder": 0,
        "finishedUserSum": 0,
        "videoNum": 0,
        "imageUrl": "30481c577e394d159c4c954f6c26e515.jpg",
        "teacherAvatar": "30481c577e394d159c4c954f6c26e515.jpg",
        "scope": "课程范围",
        "creatorId": 0,
        "creatorName": "",
        "valid": 0,
        "timeLenMin": null,
        "type": null,
        "free": null,
        "courseTypeId": null,
        "courseTypeName": null,
        "articleId": null,
        "micro": null,
        "viewCount": 0,
        "commentCount": 0,
        "orders": null
      },
      {
        "id": 12,
        "mainTitle": "主标题",
        "subTitle": "副标题",
        "level": 1,
        "description": "课程描述",
        "targetPopulation": "适合人群",
        "suggestion": "学习建议",
        "knowledgePoint": "相关知识点",
        "orientationId": 1,
        "stageId": 1,
        "createTime": 1458883196000,
        "updateTime": 1461045608000,
        "timeLenSec": 234,
        "objectiveId": 1,
        "isRecommendable": 1,
        "isCustomizable": 0,
        "teacherUserId": 1022,
        "teacherUserName": "教师姓名",
        "teacherIntroduction": "讲师简介",
        "showOrder": 0,
        "finishedUserSum": 0,
        "videoNum": 0,
        "imageUrl": "30481c577e394d159c4c954f6c26e515.jpg",
        "teacherAvatar": "30481c577e394d159c4c954f6c26e515.jpg",
        "scope": "课程范围",
        "creatorId": 0,
        "creatorName": "",
        "valid": 0,
        "timeLenMin": null,
        "type": null,
        "free": null,
        "courseTypeId": null,
        "courseTypeName": null,
        "articleId": null,
        "micro": null,
        "viewCount": 0,
        "commentCount": 0,
        "orders": null
      }
    ]
  },
  "qrKey": null
}